Facility,Location,Date,5:00 AM,6:00 AM,7:00 AM,8:00 AM,9:00 AM,10:00 AM,11:00 AM,12:00 PM,1:00 PM,2:00 PM,3:00 PM,4:00 PM,5:00 PM,6:00 PM,7:00 PM,8:00 PM,9:00 PM,10:00 PM,11:00 PM,Total Count,Status
Marino Recreation Center,Marino Center - Track,1/2/23 0:00,,1,1,0,,,4,5,3,,,4,5,6,3,1,,,,32,Active
Marino Recreation Center,Marino Center - Studio A,1/2/23 0:00,,0,0,0,,,2,1,0,,,3,2,1,3,1,,,,13,Active
Marino Recreation Center,Marino Center - Studio B,1/2/23 0:00,,0,0,0,,,4,1,0,,,2,3,2,2,1,,,,15,Active
Marino Recreation Center,Marino Center - Gymnasium,1/2/23 0:00,,1,1,0,,,8,5,5,,,17,21,26,25,24,,,,132,Active
Marino Recreation Center,Marino Center - 3rd Floor Select & Cardio,1/2/23 0:00,,1,3,4,,,23,24,22,,,23,24,26,32,22,,,,203,Active
Marino Recreation Center,Marino Center - 3rd Floor Weight Room,1/2/23 0:00,,4,7,8,,,26,29,29,,,28,37,31,24,20,,,,242,Active
Marino Recreation Center,Marino Center - 2nd Floor,1/2/23 0:00,,3,4,4,,,16,13,12,,,20,18,19,17,14,,,,140,Active
Marino Recreation Center,Marino Center - Track,1/3/23 0:00,,1,2,3,4,0,0,1,3,1,1,2,3,3,3,2,,,,28,Active
Marino Recreation Center,Marino Center - Studio A,1/3/23 0:00,,0,1,0,0,2,1,1,2,0,1,1,1,1,3,4,,,,19,Active
Marino Recreation Center,Marino Center - Studio B,1/3/23 0:00,,0,1,0,0,1,1,1,2,0,1,2,2,2,2,3,,,,16,Active
Marino Recreation Center,Marino Center - Gymnasium,1/3/23 0:00,,0,1,1,1,4,3,1,3,13,20,27,26,24,24,19,,,,165,Active
Marino Recreation Center,Marino Center - 3rd Floor Select & Cardio,1/3/23 0:00,,4,6,12,10,9,13,17,11,11,11,17,26,32,33,23,,,,233,Active
Marino Recreation Center,Marino Center - 3rd Floor Weight Room,1/3/23 0:00,,6,7,13,14,18,24,18,18,23,23,28,26,29,36,26,,,,308,Active
Marino Recreation Center,Marino Center - 2nd Floor,1/3/23 0:00,,5,4,7,6,17,12,14,15,20,26,22,21,17,25,29,,,,238,Active
Marino Recreation Center,Marino Center - Track,1/4/23 0:00,,1,1,3,1,1,1,4,3,3,4,4,7,11,4,,,,,46,Active
Marino Recreation Center,Marino Center - Studio A,1/4/23 0:00,,0,1,1,0,2,2,1,1,1,3,3,1,2,5,4,,,,25,Active
Marino Recreation Center,Marino Center - Studio B,1/4/23 0:00,,0,0,0,0,1,1,0,1,1,2,2,1,1,11,3,,,,23,Active
Marino Recreation Center,Marino Center - Gymnasium,1/4/23 0:00,,0,1,4,6,4,11,7,6,13,15,18,27,26,33,41,,,,210,Active
Marino Recreation Center,Marino Center - 3rd Floor Select & Cardio,1/4/23 0:00,,5,6,25,6,12,17,17,18,17,17,24,33,43,30,,,,,270,Active
Marino Recreation Center,Marino Center - 3rd Floor Weight Room,1/4/23 0:00,,9,10,15,12,11,18,18,23,25,25,28,28,36,31,,,,,288,Active
Marino Recreation Center,Marino Center - 2nd Floor,1/4/23 0:00,,6,6,6,7,10,21,16,13,12,15,18,20,30,33,45,,,,256,Active
Marino Recreation Center,Marino Center - Track,1/5/23 0:00,,1,2,1,1,1,2,1,1,3,2,,,4,,,,,,17,Active
Marino Recreation Center,Marino Center - Studio A,1/5/23 0:00,,0,0,1,1,1,3,2,2,2,1,1,,1,3,3,,,,18,Active
Marino Recreation Center,Marino Center - Studio B,1/5/23 0:00,,2,0,1,1,2,2,2,2,3,2,4,,3,4,3,,,,26,Active
Marino Recreation Center,Marino Center - Gymnasium,1/5/23 0:00,,1,1,2,1,4,7,6,8,20,19,23,,22,22,19,,,,152,Active
Marino Recreation Center,Marino Center - 3rd Floor Select & Cardio,1/5/23 0:00,,5,11,13,13,21,13,22,20,15,15,,,19,,,,,,165,Active
Marino Recreation Center,Marino Center - 3rd Floor Weight Room,1/5/23 0:00,,5,6,13,18,23,15,19,16,30,31,,,37,,,,,,211,Active
Marino Recreation Center,Marino Center - 2nd Floor,1/5/23 0:00,,4,5,9,15,24,14,14,17,14,16,18,,17,26,24,,,,214,Active
Marino Recreation Center,Marino Center - Track,1/6/23 0:00,,1,2,2,2,6,1,2,5,3,3,2,4,5,8,8,,,,50,Active
Marino Recreation Center,Marino Center - Studio A,1/6/23 0:00,,1,1,0,2,3,,2,3,1,1,1,,,3,2,,,,20,Active
Marino Recreation Center,Marino Center - Studio B,1/6/23 0:00,,0,0,0,2,3,,1,2,3,1,3,,,4,3,,,,22,Active
Marino Recreation Center,Marino Center - Gymnasium,1/6/23 0:00,,0,1,5,9,3,,19,24,31,27,30,,,27,23,,,,198,Active
Marino Recreation Center,Marino Center - 3rd Floor Select & Cardio,1/6/23 0:00,,5,9,16,18,47,39,32,29,25,23,24,23,27,32,34,,,,381,Active
Marino Recreation Center,Marino Center - 3rd Floor Weight Room,1/6/23 0:00,,8,10,14,34,47,42,27,35,38,29,28,39,45,48,39,,,,482,Active
Marino Recreation Center,Marino Center - 2nd Floor,1/6/23 0:00,,7,10,18,24,59,,27,24,23,22,22,,,30,28,,,,293,Active
Marino Recreation Center,Marino Center - Track,1/7/23 0:00,,,,1,2,1,1,2,3,3,,,4,3,5,,,,,23,Active
Marino Recreation Center,Marino Center - Studio A,1/7/23 0:00,,,,2,1,4,3,3,3,2,,3,4,6,4,,,,,33,Active
Marino Recreation Center,Marino Center - Studio B,1/7/23 0:00,,,,0,0,2,1,2,2,2,,2,5,5,3,,,,,23,Active
Marino Recreation Center,Marino Center - Gymnasium,1/7/23 0:00,,,,8,26,22,21,18,16,25,,42,41,45,33,,,,,296,Active
Marino Recreation Center,Marino Center - 3rd Floor Select & Cardio,1/7/23 0:00,,,,7,25,29,26,25,26,26,,,30,47,44,,,,,284,Active
Marino Recreation Center,Marino Center - 3rd Floor Weight Room,1/7/23 0:00,,,,15,21,28,24,27,38,28,,,35,50,42,,,,,307,Active
Marino Recreation Center,Marino Center - 2nd Floor,1/7/23 0:00,,,,11,24,26,27,26,26,21,,24,26,30,23,,,,,264,Active
Marino Recreation Center,Marino Center - Track,1/8/23 0:00,,,,1,4,5,4,4,4,4,5,9,12,3,2,3,4,3,,65,Active
Marino Recreation Center,Marino Center - Studio A,1/8/23 0:00,,,,1,4,2,7,5,5,5,4,3,6,1,2,5,3,1,,52,Active
Marino Recreation Center,Marino Center - Studio B,1/8/23 0:00,,,,0,0,2,6,6,6,4,3,3,11,4,3,3,2,0,,53,Active
Marino Recreation Center,Marino Center - Gymnasium,1/8/23 0:00,,,,1,3,14,16,14,17,43,68,67,70,57,47,34,24,23,,497,Active
Marino Recreation Center,Marino Center - 3rd Floor Select & Cardio,1/8/23 0:00,,,,5,16,32,42,37,38,35,36,51,63,50,33,24,18,19,,498,Active
Marino Recreation Center,Marino Center - 3rd Floor Weight Room,1/8/23 0:00,,,,11,26,35,54,64,56,50,54,61,58,43,30,25,20,17,,601,Active
Marino Recreation Center,Marino Center - 2nd Floor,1/8/23 0:00,,,,10,21,34,40,39,33,18,13,18,21,26,33,27,21,16,,367,Active
Marino Recreation Center,Marino Center - Track,1/9/23 0:00,1,1,4,8,5,4,4,5,6,6,5,8,9,10,11,8,7,5,6,111,Active
Marino Recreation Center,Marino Center - Studio A,1/9/23 0:00,1,2,3,2,6,7,4,8,9,6,12,,,15,19,13,12,8,6,131,Active
Marino Recreation Center,Marino Center - Studio B,1/9/23 0:00,0,2,3,4,6,6,2,9,2,5,6,,,6,29,26,9,4,2,119,Active
Marino Recreation Center,Marino Center - Gymnasium,1/9/23 0:00,0,1,5,7,9,9,8,16,20,16,37,,,41,61,44,58,75,71,476,Active
Marino Recreation Center,Marino Center - 3rd Floor Select & Cardio,1/9/23 0:00,3,25,38,33,33,32,30,32,54,55,56,55,50,61,55,51,41,38,35,775,Active
Marino Recreation Center,Marino Center - 3rd Floor Weight Room,1/9/23 0:00,11,42,39,43,48,38,48,50,44,49,54,62,75,63,67,51,54,56,50,942,Active
Marino Recreation Center,Marino Center - 2nd Floor,1/9/23 0:00,2,27,45,48,38,35,40,56,44,49,64,,,76,95,69,61,49,39,836,Active
Marino Recreation Center,Marino Center - Track,1/10/23 0:00,3,3,3,6,6,7,8,6,4,5,5,8,5,2,10,19,14,3,,114,Active
Marino Recreation Center,Marino Center - Studio A,1/10/23 0:00,0,2,2,4,7,7,6,,6,3,6,8,9,9,15,7,3,3,,95,Active
Marino Recreation Center,Marino Center - Studio B,1/10/23 0:00,0,2,3,3,6,6,4,,4,4,3,5,7,7,19,6,6,3,,86,Active
Marino Recreation Center,Marino Center - Gymnasium,1/10/23 0:00,0,0,1,4,4,6,7,,8,16,49,57,58,59,61,55,58,39,,481,Active
Marino Recreation Center,Marino Center - 3rd Floor Select & Cardio,1/10/23 0:00,18,25,29,50,49,61,60,54,40,35,30,38,34,18,53,50,56,30,,727,Active
Marino Recreation Center,Marino Center - 3rd Floor Weight Room,1/10/23 0:00,14,31,29,45,47,61,52,52,45,53,60,63,56,43,58,46,50,40,,843,Active
Marino Recreation Center,Marino Center - 2nd Floor,1/10/23 0:00,4,21,34,37,38,38,38,,42,46,50,63,67,67,69,55,48,28,,743,Active
Marino Recreation Center,Marino Center - Track,1/11/23 0:00,,3,4,6,7,3,7,7,5,3,4,6,7,7,9,10,9,5,,101,Active
Marino Recreation Center,Marino Center - Studio A,1/11/23 0:00,0,2,4,5,5,3,8,7,5,1,3,16,18,20,17,8,9,6,,133,Active
Marino Recreation Center,Marino Center - Studio B,1/11/23 0:00,0,1,3,6,5,3,6,4,4,5,3,27,28,30,21,8,11,9,,172,Active
Marino Recreation Center,Marino Center - Gymnasium,1/11/23 0:00,0,3,3,4,9,12,15,17,18,35,40,56,58,60,41,36,36,38,,478,Active
Marino Recreation Center,Marino Center - 3rd Floor Select & Cardio,1/11/23 0:00,,30,23,34,35,33,65,65,44,42,45,48,51,48,56,52,52,60,,781,Active
Marino Recreation Center,Marino Center - 3rd Floor Weight Room,1/11/23 0:00,,24,41,54,53,52,53,63,39,34,54,58,66,66,54,44,61,60,,875,Active
Marino Recreation Center,Marino Center - 2nd Floor,1/11/23 0:00,4,22,37,42,39,43,46,44,46,38,44,71,71,73,72,44,55,61,,849,Active
Marino Recreation Center,Marino Center - Track,1/12/23 0:00,1,3,3,6,6,6,5,5,3,4,8,5,4,9,2,3,3,2,,75,Active
Marino Recreation Center,Marino Center - Studio A,1/12/23 0:00,0,2,4,4,3,4,3,6,3,7,11,4,8,,20,18,11,3,0,107,Active
Marino Recreation Center,Marino Center - Studio B,1/12/23 0:00,0,1,3,4,3,3,2,4,3,8,10,8,12,,13,12,11,6,0,98,Active
Marino Recreation Center,Marino Center - Gymnasium,1/12/23 0:00,0,7,10,6,3,7,6,11,12,20,28,32,39,,49,68,71,63,32,461,Active
Marino Recreation Center,Marino Center - 3rd Floor Select & Cardio,1/12/23 0:00,14,21,28,47,44,58,51,45,28,58,74,69,69,76,60,47,41,39,,866,Active
Marino Recreation Center,Marino Center - 3rd Floor Weight Room,1/12/23 0:00,15,28,27,38,40,39,44,50,37,70,73,65,61,87,68,54,50,49,,893,Active
Marino Recreation Center,Marino Center - 2nd Floor,1/12/23 0:00,0,6,15,27,47,44,39,55,28,39,47,50,57,,49,48,43,32,13,636,Active
Marino Recreation Center,Marino Center - Track,1/13/23 0:00,1,2,4,7,6,7,5,8,6,6,7,6,9,9,13,14,4,5,,116,Active
Marino Recreation Center,Marino Center - Studio A,1/13/23 0:00,0,1,3,7,6,5,5,10,7,10,12,12,8,6,5,4,3,5,2,109,Active
Marino Recreation Center,Marino Center - Studio B,1/13/23 0:00,0,0,0,7,9,9,6,9,7,10,12,13,10,8,9,5,5,3,0,119,Active
Marino Recreation Center,Marino Center - Gymnasium,1/13/23 0:00,0,6,15,6,2,7,8,12,13,15,17,36,36,45,44,41,42,40,29,411,Active
Marino Recreation Center,Marino Center - 3rd Floor Select & Cardio,1/13/23 0:00,6,22,18,19,21,19,35,42,36,36,35,51,50,53,53,56,48,45,,644,Active
Marino Recreation Center,Marino Center - 3rd Floor Weight Room,1/13/23 0:00,18,23,22,23,27,29,39,57,38,39,40,76,63,65,49,51,41,17,,715,Active
Marino Recreation Center,Marino Center - 2nd Floor,1/13/23 0:00,3,20,28,36,40,48,45,46,47,47,49,48,49,46,45,40,24,26,11,697,Active
Marino Recreation Center,Marino Center - Track,1/14/23 0:00,,,,3,5,5,4,3,4,3,4,,,5,5,6,4,6,0,56,Active
Marino Recreation Center,Marino Center - Studio A,1/14/23 0:00,,,,1,1,5,5,4,4,4,4,7,,9,,4,2,2,1,50,Active
Marino Recreation Center,Marino Center - Studio B,1/14/23 0:00,,,,1,4,4,4,3,4,5,4,4,,6,,1,2,,2,41,Active
Marino Recreation Center,Marino Center - Gymnasium,1/14/23 0:00,,,,10,23,35,39,22,23,31,29,78,,77,,33,30,24,26,478,Active
Marino Recreation Center,Marino Center - 3rd Floor Select & Cardio,1/14/23 0:00,,,,15,38,25,27,27,28,30,32,,,33,24,21,16,18,16,349,Active
Marino Recreation Center,Marino Center - 3rd Floor Weight Room,1/14/23 0:00,,,,22,29,28,32,30,36,39,39,,,39,36,28,26,25,17,425,Active
Marino Recreation Center,Marino Center - 2nd Floor,1/14/23 0:00,,,,11,19,34,43,46,52,47,34,58,,53,,30,27,13,12,478,Active
Marino Recreation Center,Marino Center - Track,1/15/23 0:00,,,,2,2,6,6,5,3,5,5,5,7,5,11,7,5,4,4,80,Active
Marino Recreation Center,Marino Center - Studio A,1/15/23 0:00,,,,0,2,6,7,9,5,3,11,7,5,1,4,6,4,3,2,72,Active
Marino Recreation Center,Marino Center - Studio B,1/15/23 0:00,,,,1,4,4,5,10,6,4,7,6,2,6,3,5,3,3,7,74,Active
Marino Recreation Center,Marino Center - Gymnasium,1/15/23 0:00,,,,2,13,27,39,35,15,45,63,82,63,52,45,34,21,20,18,569,Active
Marino Recreation Center,Marino Center - 3rd Floor Select & Cardio,1/15/23 0:00,,,,9,18,17,25,32,46,49,48,29,30,33,48,47,36,24,20,509,Active
Marino Recreation Center,Marino Center - 3rd Floor Weight Room,1/15/23 0:00,,,,15,31,37,37,37,46,51,40,41,37,42,57,38,32,30,19,587,Active
Marino Recreation Center,Marino Center - 2nd Floor,1/15/23 0:00,,,,10,20,37,43,40,30,26,30,36,19,17,45,30,18,16,8,424,Active
Marino Recreation Center,Marino Center - Track,1/16/23 0:00,1,2,2,2,3,4,8,9,6,6,8,11,10,11,10,9,7,8,4,114,Active
Marino Recreation Center,Marino Center - Studio A,1/16/23 0:00,0,1,1,0,1,4,6,15,13,10,6,10,12,13,20,14,3,4,,130,Active
Marino Recreation Center,Marino Center - Studio B,1/16/23 0:00,0,1,1,1,2,4,4,7,7,4,2,4,5,6,3,1,0,2,,51,Active
Marino Recreation Center,Marino Center - Gymnasium,1/16/23 0:00,0,0,6,8,9,8,15,19,22,34,33,40,41,42,50,52,48,50,,477,Active
Marino Recreation Center,Marino Center - 3rd Floor Select & Cardio,1/16/23 0:00,1,7,14,16,25,32,39,48,51,37,36,45,38,33,51,55,48,46,30,648,Active
Marino Recreation Center,Marino Center - 3rd Floor Weight Room,1/16/23 0:00,6,17,15,24,40,43,59,68,71,47,47,63,55,60,48,54,49,47,40,852,Active
Marino Recreation Center,Marino Center - 2nd Floor,1/16/23 0:00,1,6,18,19,20,28,54,71,69,50,32,31,33,34,49,55,52,38,,658,Active
Marino Recreation Center,Marino Center - Track,1/17/23 0:00,,2,4,8,5,6,3,7,7,9,9,12,9,6,10,19,20,11,,145,Active
Marino Recreation Center,Marino Center - Studio A,1/17/23 0:00,0,2,2,5,4,1,8,6,5,4,4,8,10,11,9,7,8,10,,100,Active
Marino Recreation Center,Marino Center - Studio B,1/17/23 0:00,0,2,2,4,2,3,4,5,7,6,9,10,9,10,20,8,11,13,,122,Active
Marino Recreation Center,Marino Center - Gymnasium,1/17/23 0:00,4,5,3,8,15,18,10,18,20,30,55,66,57,59,55,54,71,73,,619,Active
Marino Recreation Center,Marino Center - 3rd Floor Select & Cardio,1/17/23 0:00,,26,28,51,43,54,42,52,40,50,50,55,51,52,65,81,73,38,,849,Active
Marino Recreation Center,Marino Center - 3rd Floor Weight Room,1/17/23 0:00,2,27,30,43,36,56,64,54,50,64,65,75,69,76,58,58,68,60,,953,Active
Marino Recreation Center,Marino Center - 2nd Floor,1/17/23 0:00,,24,42,44,32,34,46,65,39,48,57,66,66,77,63,68,72,73,,917,Active
Marino Recreation Center,Marino Center - Track,1/18/23 0:00,1,5,6,5,7,4,4,10,7,1,2,8,10,9,11,9,9,8,,113,Active
Marino Recreation Center,Marino Center - Studio A,1/18/23 0:00,,1,4,3,2,5,6,8,5,6,7,7,7,8,15,10,8,8,0,110,Active
Marino Recreation Center,Marino Center - Studio B,1/18/23 0:00,,1,3,3,3,4,5,6,4,3,10,15,15,15,16,8,7,5,0,122,Active
Marino Recreation Center,Marino Center - Gymnasium,1/18/23 0:00,,2,10,10,6,8,13,15,15,18,40,43,44,45,72,62,69,43,25,540,Active
Marino Recreation Center,Marino Center - 3rd Floor Select & Cardio,1/18/23 0:00,10,20,28,33,33,34,64,80,50,44,66,33,36,38,62,61,65,53,,807,Active
Marino Recreation Center,Marino Center - 3rd Floor Weight Room,1/18/23 0:00,19,38,48,36,48,42,56,71,45,41,67,67,65,67,52,56,49,54,,919,Active
Marino Recreation Center,Marino Center - 2nd Floor,1/18/23 0:00,,19,35,37,49,34,39,42,36,35,51,46,64,73,76,57,65,36,17,810,Active
Marino Recreation Center,Marino Center - Track,1/19/23 0:00,1,5,10,8,2,9,5,4,4,3,2,8,8,14,2,1,2,5,5,94,Active
Marino Recreation Center,Marino Center - Studio A,1/19/23 0:00,0,2,3,8,8,7,8,10,7,6,9,9,13,8,13,9,19,15,,153,Active
Marino Recreation Center,Marino Center - Studio B,1/19/23 0:00,0,3,2,3,5,4,4,5,3,4,9,8,9,9,23,20,13,11,,133,Active
Marino Recreation Center,Marino Center - Gymnasium,1/19/23 0:00,1,8,16,18,14,13,18,10,9,12,14,23,34,30,34,38,40,49,,379,Active
Marino Recreation Center,Marino Center - 3rd Floor Select & Cardio,1/19/23 0:00,14,32,49,49,45,40,46,47,39,49,58,61,56,70,69,66,58,13,40,898,Active
Marino Recreation Center,Marino Center - 3rd Floor Weight Room,1/19/23 0:00,24,30,41,36,32,33,38,36,40,48,63,57,53,58,55,57,58,60,60,876,Active
Marino Recreation Center,Marino Center - 2nd Floor,1/19/23 0:00,2,11,20,38,44,38,49,60,56,59,61,59,42,55,50,47,46,36,,770,Active
Marino Recreation Center,Marino Center - Track,1/20/23 0:00,0,2,6,6,6,7,12,15,10,11,12,10,8,9,,5,5,3,3,128,Active
Marino Recreation Center,Marino Center - Studio A,1/20/23 0:00,0,1,2,6,8,7,10,9,8,7,4,6,7,15,8,6,6,3,2,112,Active
Marino Recreation Center,Marino Center - Studio B,1/20/23 0:00,1,1,4,4,11,7,3,6,6,7,7,6,6,9,5,5,5,4,4,100,Active
Marino Recreation Center,Marino Center - Gymnasium,1/20/23 0:00,0,2,5,4,4,14,20,25,31,32,28,32,39,46,50,55,37,37,29,490,Active
Marino Recreation Center,Marino Center - 3rd Floor Select & Cardio,1/20/23 0:00,4,18,32,18,19,20,29,36,40,26,40,35,45,45,,49,35,25,19,535,Active
Marino Recreation Center,Marino Center - 3rd Floor Weight Room,1/20/23 0:00,16,34,36,21,26,28,38,47,55,55,55,55,55,59,,61,38,24,29,731,Active
Marino Recreation Center,Marino Center - 2nd Floor,1/20/23 0:00,2,14,36,32,32,50,58,59,49,52,59,52,55,50,37,30,28,22,13,727,Active
Marino Recreation Center,Marino Center - Track,1/21/23 0:00,,,,2,6,4,7,10,9,9,10,10,11,12,11,7,5,6,,118,Active
Marino Recreation Center,Marino Center - Studio A,1/21/23 0:00,,,,1,6,6,5,3,3,4,4,6,7,6,9,1,1,4,,64,Active
Marino Recreation Center,Marino Center - Studio B,1/21/23 0:00,,,,1,2,7,3,3,3,5,4,4,4,4,1,2,1,2,,44,Active
Marino Recreation Center,Marino Center - Gymnasium,1/21/23 0:00,,,,9,56,48,47,39,49,48,46,48,33,38,18,20,7,10,,513,Active
Marino Recreation Center,Marino Center - 3rd Floor Select & Cardio,1/21/23 0:00,,,,13,25,33,36,39,41,38,39,40,41,42,49,33,24,28,,520,Active
Marino Recreation Center,Marino Center - 3rd Floor Weight Room,1/21/23 0:00,,,,22,26,27,31,34,36,35,37,40,41,42,54,32,20,21,,498,Active
Marino Recreation Center,Marino Center - 2nd Floor,1/21/23 0:00,,,,11,38,41,44,36,39,38,38,32,37,39,30,18,15,13,,468,Active
Marino Recreation Center,Marino Center - Track,1/22/23 0:00,,,,4,8,4,3,4,5,5,2,3,1,1,6,5,2,4,0,56,Active
Marino Recreation Center,Marino Center - Studio A,1/22/23 0:00,,,,2,5,1,5,12,10,5,2,6,8,13,6,3,2,2,2,82,Active
Marino Recreation Center,Marino Center - Studio B,1/22/23 0:00,,,,0,3,2,4,8,6,3,1,5,12,13,4,,1,1,2,65,Active
Marino Recreation Center,Marino Center - Gymnasium,1/22/23 0:00,,,,0,4,9,16,22,36,53,55,88,54,53,45,24,23,26,16,523,Active
Marino Recreation Center,Marino Center - 3rd Floor Select & Cardio,1/22/23 0:00,,,,4,19,15,22,34,33,34,35,38,39,30,38,27,23,29,24,442,Active
Marino Recreation Center,Marino Center - 3rd Floor Weight Room,1/22/23 0:00,,,,10,21,27,26,29,31,33,34,34,33,28,39,28,27,32,24,454,Active
Marino Recreation Center,Marino Center - 2nd Floor,1/22/23 0:00,,,,11,20,11,18,22,29,26,19,38,41,38,48,46,22,31,21,440,Active
Marino Recreation Center,Marino Center - Track,1/23/23 0:00,1,3,3,7,7,2,8,7,8,9,5,7,10,7,14,10,6,,,114,Active
Marino Recreation Center,Marino Center - Studio A,1/23/23 0:00,2,3,6,4,8,8,9,9,5,5,5,5,8,9,11,8,14,15,,133,Active
Marino Recreation Center,Marino Center - Studio B,1/23/23 0:00,0,2,4,6,7,,5,11,3,3,3,3,6,7,6,3,7,7,,82,Active
Marino Recreation Center,Marino Center - Gymnasium,1/23/23 0:00,0,9,17,18,22,23,12,16,12,10,16,21,23,24,37,31,45,53,,385,Active
Marino Recreation Center,Marino Center - 3rd Floor Select & Cardio,1/23/23 0:00,14,25,24,41,31,36,40,35,40,40,59,53,48,55,67,62,49,,,718,Active
Marino Recreation Center,Marino Center - 3rd Floor Weight Room,1/23/23 0:00,21,32,47,50,43,46,50,47,54,59,65,48,68,58,88,74,60,,,907,Active
Marino Recreation Center,Marino Center - 2nd Floor,1/23/23 0:00,8,21,43,29,28,29,37,37,39,47,45,51,53,54,55,48,34,24,,683,Active
Marino Recreation Center,Marino Center - Track,1/24/23 0:00,0,3,5,4,5,4,5,14,9,6,7,3,6,4,8,16,17,10,,125,Active
Marino Recreation Center,Marino Center - Studio A,1/24/23 0:00,0,2,3,,4,5,5,8,7,7,4,8,15,12,9,7,8,10,,111,Active
Marino Recreation Center,Marino Center - Studio B,1/24/23 0:00,0,1,1,4,5,7,5,9,6,4,4,6,6,8,14,4,5,7,,94,Active
Marino Recreation Center,Marino Center - Gymnasium,1/24/23 0:00,0,16,23,23,24,26,12,14,22,26,35,46,79,60,35,31,35,37,,541,Active
Marino Recreation Center,Marino Center - 3rd Floor Select & Cardio,1/24/23 0:00,0,27,26,39,35,47,77,86,74,59,47,45,43,37,45,60,51,41,,836,Active
Marino Recreation Center,Marino Center - 3rd Floor Weight Room,1/24/23 0:00,0,42,35,41,34,52,58,65,58,49,58,64,60,54,55,55,63,50,,892,Active
Marino Recreation Center,Marino Center - 2nd Floor,1/24/23 0:00,3,17,40,24,25,26,34,30,38,38,48,62,67,68,43,35,36,38,,672,Active
Marino Recreation Center,Marino Center - Track,1/25/23 0:00,0,2,5,3,5,4,5,8,5,4,6,7,10,9,,14,9,8,5,107,Active
Marino Recreation Center,Marino Center - Studio A,1/25/23 0:00,1,3,5,6,4,3,4,5,4,5,4,8,9,11,20,4,16,14,6,130,Active
Marino Recreation Center,Marino Center - Studio B,1/25/23 0:00,1,3,1,4,3,3,3,4,3,6,4,23,24,20,13,6,10,8,6,142,Active
Marino Recreation Center,Marino Center - Gymnasium,1/25/23 0:00,1,3,8,9,4,11,13,17,18,30,45,62,65,67,79,73,59,56,42,660,Active
Marino Recreation Center,Marino Center - 3rd Floor Select & Cardio,1/25/23 0:00,0,19,26,21,30,26,36,79,63,38,36,35,34,31,,62,71,64,61,731,Active
Marino Recreation Center,Marino Center - 3rd Floor Weight Room,1/25/23 0:00,6,29,31,32,40,27,43,66,57,31,41,47,59,62,,69,54,50,52,796,Active
Marino Recreation Center,Marino Center - 2nd Floor,1/25/23 0:00,9,21,30,40,46,35,37,38,35,37,46,58,59,61,67,62,55,45,35,812,Active
Marino Recreation Center,Marino Center - Track,1/26/23 0:00,0,2,2,4,5,5,6,7,5,1,0,6,10,8,5,12,8,8,,92,Active
Marino Recreation Center,Marino Center - Studio A,1/26/23 0:00,2,3,5,8,5,6,6,6,5,5,6,7,9,16,14,9,9,2,0,121,Active
Marino Recreation Center,Marino Center - Studio B,1/26/23 0:00,2,3,4,5,4,4,1,2,2,5,7,5,4,11,12,15,24,4,1,112,Active
Marino Recreation Center,Marino Center - Gymnasium,1/26/23 0:00,4,7,10,1,4,15,7,11,10,12,17,31,46,47,54,47,42,44,24,429,Active
Marino Recreation Center,Marino Center - 3rd Floor Select & Cardio,1/26/23 0:00,13,32,40,47,43,52,62,67,55,44,53,64,73,73,57,47,39,35,,895,Active
Marino Recreation Center,Marino Center - 3rd Floor Weight Room,1/26/23 0:00,22,33,35,38,31,37,48,43,45,51,56,61,61,65,57,57,38,43,43,862,Active
Marino Recreation Center,Marino Center - 2nd Floor,1/26/23 0:00,7,11,15,35,37,30,37,35,35,38,46,63,61,58,55,48,41,34,5,691,Active
Marino Recreation Center,Marino Center - Track,1/27/23 0:00,1,2,6,7,7,5,6,7,6,4,6,10,10,16,11,12,7,8,,128,Active
Marino Recreation Center,Marino Center - Studio A,1/27/23 0:00,1,2,3,3,11,8,7,7,1,2,25,9,7,9,6,6,,4,,109,Active
Marino Recreation Center,Marino Center - Studio B,1/27/23 0:00,2,2,3,5,6,3,7,7,5,6,10,9,4,5,2,5,,4,,82,Active
Marino Recreation Center,Marino Center - Gymnasium,1/27/23 0:00,0,1,3,4,3,3,12,17,21,17,27,34,49,50,48,44,,35,,366,Active
Marino Recreation Center,Marino Center - 3rd Floor Select & Cardio,1/27/23 0:00,8,16,16,23,20,16,49,60,42,25,27,45,55,69,72,30,32,35,,637,Active
Marino Recreation Center,Marino Center - 3rd Floor Weight Room,1/27/23 0:00,16,13,28,22,22,24,38,51,41,41,42,60,62,78,88,44,37,38,,741,Active
Marino Recreation Center,Marino Center - 2nd Floor,1/27/23 0:00,8,13,20,,26,43,53,38,26,36,37,42,47,47,47,37,,33,,551,Active
Marino Recreation Center,Marino Center - Track,1/28/23 0:00,,,,2,4,3,2,7,8,6,7,9,9,9,10,5,9,3,,92,Active
Marino Recreation Center,Marino Center - Studio A,1/28/23 0:00,,,,3,7,6,11,13,7,7,7,4,3,8,5,4,3,5,6,97,Active
Marino Recreation Center,Marino Center - Studio B,1/28/23 0:00,,,,2,3,5,10,10,5,5,4,4,4,9,11,7,5,4,6,93,Active
Marino Recreation Center,Marino Center - Gymnasium,1/28/23 0:00,,,,8,44,39,23,33,36,32,37,44,41,41,40,50,39,24,24,553,Active
Marino Recreation Center,Marino Center - 3rd Floor Select & Cardio,1/28/23 0:00,,,,15,40,51,23,22,21,23,24,26,28,30,33,28,18,35,,416,Active
Marino Recreation Center,Marino Center - 3rd Floor Weight Room,1/28/23 0:00,,,,21,28,31,21,20,21,28,29,31,33,35,50,38,35,29,,449,Active
Marino Recreation Center,Marino Center - 2nd Floor,1/28/23 0:00,,,,12,39,42,36,41,39,35,34,39,40,45,39,41,32,20,22,554,Active
Marino Recreation Center,Marino Center - Track,1/29/23 0:00,,,,1,1,2,4,4,5,6,2,2,1,4,6,8,11,4,,61,Active
Marino Recreation Center,Marino Center - Studio A,1/29/23 0:00,,,0,1,7,13,7,,4,8,9,6,8,7,4,9,2,6,5,95,Active
Marino Recreation Center,Marino Center - Studio B,1/29/23 0:00,,,1,1,10,11,7,,2,3,3,3,4,6,9,5,2,2,2,71,Active
Marino Recreation Center,Marino Center - Gymnasium,1/29/23 0:00,,,0,1,8,14,39,,32,50,55,78,39,36,31,28,32,27,28,497,Active
Marino Recreation Center,Marino Center - 3rd Floor Select & Cardio,1/29/23 0:00,,,,14,26,23,26,25,42,50,41,34,33,33,32,31,20,20,,447,Active
Marino Recreation Center,Marino Center - 3rd Floor Weight Room,1/29/23 0:00,,,,22,21,26,25,31,37,47,48,23,26,32,40,33,26,38,,473,Active
Marino Recreation Center,Marino Center - 2nd Floor,1/29/23 0:00,,,0,15,20,34,33,,32,23,28,38,47,41,32,28,18,27,18,434,Active
Marino Recreation Center,Marino Center - Track,1/30/23 0:00,1,2,3,7,4,5,4,5,4,3,3,3,10,9,,12,11,10,,94,Active
Marino Recreation Center,Marino Center - Studio A,1/30/23 0:00,1,2,4,5,5,5,5,5,6,6,9,6,14,13,13,18,20,11,,146,Active
Marino Recreation Center,Marino Center - Studio B,1/30/23 0:00,1,1,1,7,4,7,7,5,6,2,4,3,10,11,15,16,16,14,,126,Active
Marino Recreation Center,Marino Center - Gymnasium,1/30/23 0:00,0,9,21,19,17,20,20,14,11,10,17,36,42,43,54,43,37,50,,460,Active
Marino Recreation Center,Marino Center - 3rd Floor Select & Cardio,1/30/23 0:00,11,36,35,41,39,34,45,47,44,36,34,45,68,77,66,53,63,46,,819,Active
Marino Recreation Center,Marino Center - 3rd Floor Weight Room,1/30/23 0:00,37,47,57,48,38,36,39,42,25,44,44,51,69,68,56,65,55,48,,871,Active
Marino Recreation Center,Marino Center - 2nd Floor,1/30/23 0:00,6,23,27,29,29,32,32,38,36,45,46,50,53,63,66,62,30,38,,702,Active
Marino Recreation Center,Marino Center - Track,1/31/23 0:00,0,6,12,5,4,6,8,9,8,12,12,5,7,6,20,14,17,6,,155,Active
Marino Recreation Center,Marino Center - Studio A,1/31/23 0:00,0,3,7,5,3,5,6,9,8,7,7,10,13,22,16,9,6,8,,141,Active
Marino Recreation Center,Marino Center - Studio B,1/31/23 0:00,0,1,6,4,5,8,3,9,7,3,4,6,8,14,19,16,5,6,,120,Active
Marino Recreation Center,Marino Center - Gymnasium,1/31/23 0:00,0,18,26,27,27,29,14,15,17,29,40,66,79,58,35,35,34,34,,580,Active
Marino Recreation Center,Marino Center - 3rd Floor Select & Cardio,1/31/23 0:00,0,17,20,52,51,50,51,73,69,32,25,31,33,29,43,50,55,44,,721,Active
Marino Recreation Center,Marino Center - 3rd Floor Weight Room,1/31/23 0:00,4,19,22,36,40,50,53,60,51,46,29,54,57,53,63,67,60,47,,810,Active
Marino Recreation Center,Marino Center - 2nd Floor,1/31/23 0:00,2,18,24,29,29,31,33,31,36,44,59,65,61,61,43,34,33,34,,664,Active
Marino Recreation Center,Marino Center - Track,2/1/23 0:00,1,2,2,9,8,10,9,10,9,1,3,7,11,10,14,9,9,5,6,133,Active
Marino Recreation Center,Marino Center - Studio A,2/1/23 0:00,1,3,7,4,3,4,6,5,5,5,5,7,9,11,25,18,8,11,8,144,Active
Marino Recreation Center,Marino Center - Studio B,2/1/23 0:00,0,1,5,4,3,2,3,3,4,3,16,14,13,14,20,8,12,13,11,147,Active
Marino Recreation Center,Marino Center - Gymnasium,2/1/23 0:00,1,3,6,4,3,4,9,13,13,28,44,43,46,48,57,36,26,23,23,425,Active
Marino Recreation Center,Marino Center - 3rd Floor Select & Cardio,2/1/23 0:00,13,16,16,41,37,34,58,72,71,38,49,40,46,39,53,58,59,58,57,855,Active
Marino Recreation Center,Marino Center - 3rd Floor Weight Room,2/1/23 0:00,20,35,38,40,38,37,52,62,60,48,52,48,52,53,53,52,60,59,57,914,Active
Marino Recreation Center,Marino Center - 2nd Floor,2/1/23 0:00,8,22,27,43,35,39,42,40,42,34,37,40,43,44,48,50,48,31,29,697,Active
Marino Recreation Center,Marino Center - Track,2/2/23 0:00,2,2,4,5,6,4,5,6,3,1,3,10,7,16,12,12,9,9,9,122,Active
Marino Recreation Center,Marino Center - Studio A,2/2/23 0:00,1,2,2,12,8,5,4,5,6,5,4,7,11,12,12,13,19,2,3,130,Active
Marino Recreation Center,Marino Center - Studio B,2/2/23 0:00,1,2,3,9,5,6,1,4,2,5,5,6,7,7,7,8,6,6,7,96,Active
Marino Recreation Center,Marino Center - Gymnasium,2/2/23 0:00,2,4,10,3,6,8,15,13,20,23,25,36,43,43,42,35,44,28,19,414,Active
Marino Recreation Center,Marino Center - 3rd Floor Select & Cardio,2/2/23 0:00,7,22,33,41,39,36,48,73,60,48,53,61,84,77,56,35,44,44,44,905,Active
Marino Recreation Center,Marino Center - 3rd Floor Weight Room,2/2/23 0:00,19,31,27,35,29,28,39,53,41,54,57,56,62,60,42,37,60,60,57,847,Active
Marino Recreation Center,Marino Center - 2nd Floor,2/2/23 0:00,4,6,14,27,47,42,37,49,36,39,42,56,65,53,59,38,36,30,26,706,Active
Marino Recreation Center,Marino Center - Track,2/3/23 0:00,1,3,4,5,5,2,7,12,10,10,4,5,10,6,2,1,2,7,2,96,Active
Marino Recreation Center,Marino Center - Studio A,2/3/23 0:00,0,2,3,4,3,5,9,9,8,9,11,8,5,7,4,2,3,2,0,92,Active
Marino Recreation Center,Marino Center - Studio B,2/3/23 0:00,0,1,0,2,4,2,3,4,4,5,7,7,7,5,4,5,3,0,0,62,Active
Marino Recreation Center,Marino Center - Gymnasium,2/3/23 0:00,0,5,6,6,6,9,8,17,14,15,18,38,39,38,31,28,23,26,14,339,Active
Marino Recreation Center,Marino Center - 3rd Floor Select & Cardio,2/3/23 0:00,0,15,20,25,27,29,39,76,73,54,40,51,50,40,,45,29,16,17,644,Active
Marino Recreation Center,Marino Center - 3rd Floor Weight Room,2/3/23 0:00,11,22,27,25,27,29,28,60,55,55,55,56,46,47,40,43,28,31,27,709,Active
Marino Recreation Center,Marino Center - 2nd Floor,2/3/23 0:00,0,17,18,23,24,26,38,45,46,47,48,43,45,44,27,20,16,17,7,549,Active
Marino Recreation Center,Marino Center - Track,2/4/23 0:00,,,,0,4,4,4,2,5,5,6,8,9,11,6,10,7,4,,83,Active
Marino Recreation Center,Marino Center - Studio A,2/4/23 0:00,,,,1,3,2,2,12,9,6,6,7,5,5,3,4,6,3,1,72,Active
Marino Recreation Center,Marino Center - Studio B,2/4/23 0:00,,,,0,3,2,2,8,5,5,5,3,4,4,5,2,1,1,0,47,Active
Marino Recreation Center,Marino Center - Gymnasium,2/4/23 0:00,,,,4,12,16,22,22,29,32,34,31,34,38,24,16,22,22,12,369,Active
Marino Recreation Center,Marino Center - 3rd Floor Select & Cardio,2/4/23 0:00,,,,8,23,23,22,21,21,22,23,25,27,29,20,24,19,19,,324,Active
Marino Recreation Center,Marino Center - 3rd Floor Weight Room,2/4/23 0:00,,,,12,24,31,31,25,30,35,37,39,40,42,32,43,38,30,,486,Active
Marino Recreation Center,Marino Center - 2nd Floor,2/4/23 0:00,,,,11,11,29,26,32,37,37,33,32,35,35,29,24,13,14,9,405,Active
Marino Recreation Center,Marino Center - Track,2/5/23 0:00,,,0,1,4,3,2,3,3,2,4,7,7,5,6,5,6,8,10,75,Active
Marino Recreation Center,Marino Center - Studio A,2/5/23 0:00,,,0,1,2,17,18,8,6,23,35,11,10,7,3,10,11,5,7,172,Active
Marino Recreation Center,Marino Center - Studio B,2/5/23 0:00,,,0,0,1,6,6,8,4,9,8,8,7,7,3,6,5,5,2,83,Active
Marino Recreation Center,Marino Center - Gymnasium,2/5/23 0:00,,,0,0,6,16,24,21,21,51,66,66,53,36,35,47,47,27,26,541,Active
Marino Recreation Center,Marino Center - 3rd Floor Select & Cardio,2/5/23 0:00,,,0,3,11,22,26,31,34,37,51,46,42,39,35,34,38,35,28,510,Active
Marino Recreation Center,Marino Center - 3rd Floor Weight Room,2/5/23 0:00,,,0,8,16,20,22,24,28,34,41,33,31,31,25,32,32,41,40,454,Active
Marino Recreation Center,Marino Center - 2nd Floor,2/5/23 0:00,,,0,11,31,39,40,36,43,36,31,30,28,29,37,26,24,25,29,493,Active
Marino Recreation Center,Marino Center - Track,2/6/23 0:00,0,1,3,5,9,6,6,7,7,7,9,9,11,13,8,6,7,8,,121,Active
Marino Recreation Center,Marino Center - Studio A,2/6/23 0:00,1,3,7,5,6,4,6,7,7,6,8,10,12,10,10,9,20,,,130,Active
Marino Recreation Center,Marino Center - Studio B,2/6/23 0:00,0,2,4,3,4,5,3,3,4,3,4,5,7,5,9,12,14,,,87,Active
Marino Recreation Center,Marino Center - Gymnasium,2/6/23 0:00,0,15,17,18,19,21,10,20,17,15,28,35,37,36,31,26,29,,,372,Active
Marino Recreation Center,Marino Center - 3rd Floor Select & Cardio,2/6/23 0:00,12,20,19,33,39,36,36,35,32,28,32,65,88,78,67,63,64,55,,801,Active
Marino Recreation Center,Marino Center - 3rd Floor Weight Room,2/6/23 0:00,28,48,44,37,48,47,55,54,49,50,69,84,70,80,78,76,73,57,,1046,Active
Marino Recreation Center,Marino Center - 2nd Floor,2/6/23 0:00,2,16,40,30,29,24,39,38,37,34,47,55,57,56,50,45,43,,,641,Active
Marino Recreation Center,Marino Center - Track,2/7/23 0:00,,2,6,4,6,3,4,9,6,5,7,10,6,5,14,15,20,9,4,134,Active
Marino Recreation Center,Marino Center - Studio A,2/7/23 0:00,,2,4,5,7,11,10,9,8,4,8,9,10,12,16,10,8,10,2,143,Active
Marino Recreation Center,Marino Center - Studio B,2/7/23 0:00,,1,2,3,5,2,2,3,3,4,4,3,10,13,12,7,4,5,2,83,Active
Marino Recreation Center,Marino Center - Gymnasium,2/7/23 0:00,,2,9,23,25,9,11,17,24,40,34,43,41,38,39,40,39,39,29,501,Active
Marino Recreation Center,Marino Center - 3rd Floor Select & Cardio,2/7/23 0:00,,13,16,48,48,62,56,85,66,59,50,60,57,54,60,61,69,35,21,919,Active
Marino Recreation Center,Marino Center - 3rd Floor Weight Room,2/7/23 0:00,,30,35,38,38,34,40,63,47,48,51,47,56,53,67,76,86,80,27,914,Active
Marino Recreation Center,Marino Center - 2nd Floor,2/7/23 0:00,,21,32,15,18,35,40,43,42,38,59,62,52,45,45,42,33,33,18,671,Active
Marino Recreation Center,Marino Center - Track,2/8/23 0:00,,4,6,6,4,5,4,7,7,2,6,7,8,9,11,9,7,8,4,111,Active
Marino Recreation Center,Marino Center - Studio A,2/8/23 0:00,1,3,4,3,8,6,5,7,5,5,5,8,9,9,16,9,10,0,10,122,Active
Marino Recreation Center,Marino Center - Studio B,2/8/23 0:00,0,3,0,3,5,7,6,5,5,9,4,6,7,7,8,6,17,8,6,110,Active
Marino Recreation Center,Marino Center - Gymnasium,2/8/23 0:00,2,17,18,3,7,8,17,24,26,26,28,30,31,32,60,58,61,54,31,530,Active
Marino Recreation Center,Marino Center - 3rd Floor Select & Cardio,2/8/23 0:00,,27,30,31,32,29,54,69,60,55,73,46,35,35,76,56,69,,48,822,Active
Marino Recreation Center,Marino Center - 3rd Floor Weight Room,2/8/23 0:00,,24,33,29,34,33,42,57,44,51,67,63,64,62,69,40,58,59,55,881,Active
Marino Recreation Center,Marino Center - 2nd Floor,2/8/23 0:00,2,23,28,44,47,30,33,38,37,29,28,30,31,32,66,51,56,37,25,664,Active
Marino Recreation Center,Marino Center - Track,2/9/23 0:00,0,2,3,3,7,4,7,7,4,1,6,6,7,10,7,4,2,4,5,85,Active
Marino Recreation Center,Marino Center - Studio A,2/9/23 0:00,1,3,3,12,4,3,6,7,4,3,11,8,11,13,12,6,7,7,4,124,Active
Marino Recreation Center,Marino Center - Studio B,2/9/23 0:00,1,2,2,10,3,2,4,5,6,5,7,6,8,11,11,14,9,11,8,123,Active
Marino Recreation Center,Marino Center - Gymnasium,2/9/23 0:00,2,20,24,2,3,15,17,22,26,26,30,28,29,48,43,42,50,64,54,543,Active
Marino Recreation Center,Marino Center - 3rd Floor Select & Cardio,2/9/23 0:00,6,23,30,33,41,28,53,72,52,46,69,70,78,77,74,69,56,57,45,976,Active
Marino Recreation Center,Marino Center - 3rd Floor Weight Room,2/9/23 0:00,10,33,30,41,36,37,48,54,35,56,59,54,61,70,67,67,61,61,55,933,Active
Marino Recreation Center,Marino Center - 2nd Floor,2/9/23 0:00,1,17,20,36,46,42,33,36,41,43,45,53,71,64,54,55,50,49,40,795,Active
Marino Recreation Center,Marino Center - Track,2/10/23 0:00,0,3,1,4,7,5,4,6,8,5,6,4,5,5,6,6,7,10,6,96,Active
Marino Recreation Center,Marino Center - Studio A,2/10/23 0:00,2,1,4,4,5,8,9,6,5,14,20,10,10,13,15,4,5,3,4,139,Active
Marino Recreation Center,Marino Center - Studio B,2/10/23 0:00,0,1,1,5,5,5,6,8,7,9,6,6,8,6,8,4,4,2,3,92,Active
Marino Recreation Center,Marino Center - Gymnasium,2/10/23 0:00,1,25,2,6,8,9,16,16,17,30,30,29,37,41,42,36,39,27,22,430,Active
Marino Recreation Center,Marino Center - 3rd Floor Select & Cardio,2/10/23 0:00,0,11,11,18,24,29,35,37,35,35,37,70,73,68,58,49,39,26,31,685,Active
Marino Recreation Center,Marino Center - 3rd Floor Weight Room,2/10/23 0:00,0,21,15,26,33,36,43,44,42,42,44,50,55,65,51,43,41,33,40,721,Active
Marino Recreation Center,Marino Center - 2nd Floor,2/10/23 0:00,15,15,27,33,33,34,41,45,29,35,35,34,35,35,41,32,32,32,33,616,Active
Marino Recreation Center,Marino Center - Track,2/11/23 0:00,,,,2,5,3,6,6,5,8,6,6,6,6,8,5,3,8,6,86,Active
Marino Recreation Center,Marino Center - Studio A,2/11/23 0:00,,,,2,2,12,12,12,5,4,5,8,5,5,3,3,2,4,,83,Active
Marino Recreation Center,Marino Center - Studio B,2/11/23 0:00,,,,1,2,7,10,5,1,4,4,4,4,3,3,0,0,2,,48,Active
Marino Recreation Center,Marino Center - Gymnasium,2/11/23 0:00,,,,8,56,40,32,28,34,33,45,32,28,35,37,36,35,37,,514,Active
Marino Recreation Center,Marino Center - 3rd Floor Select & Cardio,2/11/23 0:00,,,,16,36,30,42,44,47,38,31,33,35,34,39,38,25,42,40,569,Active
Marino Recreation Center,Marino Center - 3rd Floor Weight Room,2/11/23 0:00,,,,24,32,25,35,37,39,43,47,47,48,46,36,29,32,32,34,585,Active
Marino Recreation Center,Marino Center - 2nd Floor,2/11/23 0:00,,,,11,37,42,34,33,33,29,30,33,34,38,21,23,23,25,,443,Active
Marino Recreation Center,Marino Center - Track,2/12/23 0:00,,,0,1,2,1,2,3,4,1,2,3,0,1,1,7,4,5,,34,Active
Marino Recreation Center,Marino Center - Studio A,2/12/23 0:00,,,0,1,2,3,4,8,4,21,30,5,4,8,6,6,4,6,5,114,Active
Marino Recreation Center,Marino Center - Studio B,2/12/23 0:00,,,0,0,2,2,3,4,4,11,9,4,1,6,7,1,8,7,4,70,Active
Marino Recreation Center,Marino Center - Gymnasium,2/12/23 0:00,,,0,1,4,16,17,19,22,42,55,57,33,29,11,11,14,19,18,365,Active
Marino Recreation Center,Marino Center - 3rd Floor Select & Cardio,2/12/23 0:00,,,0,3,22,29,35,39,38,42,49,41,31,23,17,18,23,18,,427,Active
Marino Recreation Center,Marino Center - 3rd Floor Weight Room,2/12/23 0:00,,,0,9,18,32,32,33,40,45,53,45,27,25,16,17,18,21,,430,Active
Marino Recreation Center,Marino Center - 2nd Floor,2/12/23 0:00,,,0,11,30,31,31,22,18,35,31,36,29,35,32,32,28,22,20,440,Active
Marino Recreation Center,Marino Center - Track,2/13/23 0:00,0,1,2,4,5,8,6,4,5,4,7,9,6,8,7,5,4,4,,86,Active
Marino Recreation Center,Marino Center - Studio A,2/13/23 0:00,1,2,2,4,4,5,5,6,8,10,13,11,13,15,10,11,20,7,,144,Active
Marino Recreation Center,Marino Center - Studio B,2/13/23 0:00,1,1,3,5,6,7,7,11,1,1,4,6,8,10,8,9,12,9,,107,Active
Marino Recreation Center,Marino Center - Gymnasium,2/13/23 0:00,0,3,1,17,19,21,20,18,10,17,21,19,21,23,59,39,46,73,,425,Active
Marino Recreation Center,Marino Center - 3rd Floor Select & Cardio,2/13/23 0:00,11,21,24,28,31,28,31,30,27,33,41,55,58,70,62,59,56,49,,711,Active
Marino Recreation Center,Marino Center - 3rd Floor Weight Room,2/13/23 0:00,28,43,46,35,27,37,36,35,37,61,64,77,73,79,78,75,71,64,,963,Active
Marino Recreation Center,Marino Center - 2nd Floor,2/13/23 0:00,9,17,28,24,24,23,26,28,48,58,59,50,52,54,57,48,50,30,,685,Active
Marino Recreation Center,Marino Center - Track,2/14/23 0:00,0,3,3,3,4,3,7,7,5,6,6,7,8,,11,12,10,7,,99,Active
Marino Recreation Center,Marino Center - Studio A,2/14/23 0:00,0,2,1,3,4,5,5,6,3,9,10,5,9,12,20,15,9,6,,122,Active
Marino Recreation Center,Marino Center - Studio B,2/14/23 0:00,0,1,2,4,5,7,7,8,2,3,4,5,3,8,14,22,15,12,,121,Active
Marino Recreation Center,Marino Center - Gymnasium,2/14/23 0:00,0,2,3,16,20,17,13,16,28,46,49,48,50,32,32,34,31,31,,466,Active
Marino Recreation Center,Marino Center - 3rd Floor Select & Cardio,2/14/23 0:00,3,20,20,33,42,42,47,57,49,40,41,48,50,,52,58,56,53,,709,Active
Marino Recreation Center,Marino Center - 3rd Floor Weight Room,2/14/23 0:00,12,29,28,33,37,34,41,49,39,36,55,65,64,,68,62,59,54,,764,Active
Marino Recreation Center,Marino Center - 2nd Floor,2/14/23 0:00,0,17,28,23,24,29,51,49,39,37,49,62,57,55,55,45,46,43,,709,Active
Marino Recreation Center,Marino Center - Track,2/15/23 0:00,2,3,1,4,4,3,5,6,5,2,4,4,6,8,10,11,10,9,5,98,Active
Marino Recreation Center,Marino Center - Studio A,2/15/23 0:00,1,3,5,6,5,6,7,7,7,5,6,7,4,14,11,13,15,10,11,142,Active
Marino Recreation Center,Marino Center - Studio B,2/15/23 0:00,0,1,1,1,6,3,4,7,7,8,9,11,10,15,5,10,11,9,9,126,Active
Marino Recreation Center,Marino Center - Gymnasium,2/15/23 0:00,0,24,18,5,7,9,9,11,13,19,23,29,30,34,78,68,68,55,56,554,Active
Marino Recreation Center,Marino Center - 3rd Floor Select & Cardio,2/15/23 0:00,18,21,29,31,22,37,41,48,53,52,51,49,38,40,62,63,63,55,55,827,Active
Marino Recreation Center,Marino Center - 3rd Floor Weight Room,2/15/23 0:00,26,26,27,34,28,32,38,44,47,44,58,61,57,58,56,55,59,53,53,855,Active
Marino Recreation Center,Marino Center - 2nd Floor,2/15/23 0:00,5,18,29,33,31,33,34,38,38,29,32,35,37,45,62,61,60,40,40,698,Active
Marino Recreation Center,Marino Center - Track,2/16/23 0:00,0,0,2,3,4,5,6,6,5,4,12,5,8,8,6,3,4,8,,88,Active
Marino Recreation Center,Marino Center - Studio A,2/16/23 0:00,1,2,3,10,4,8,7,3,3,4,,7,12,15,16,20,14,12,,139,Active
Marino Recreation Center,Marino Center - Studio B,2/16/23 0:00,0,2,5,2,5,3,5,3,4,4,,5,8,17,25,17,13,8,,124,Active
Marino Recreation Center,Marino Center - Gymnasium,2/16/23 0:00,3,9,14,4,7,8,10,14,19,20,,26,26,47,46,41,37,49,,377,Active
Marino Recreation Center,Marino Center - 3rd Floor Select & Cardio,2/16/23 0:00,7,25,30,31,23,24,48,46,48,42,33,64,68,61,62,55,55,54,,773,Active
Marino Recreation Center,Marino Center - 3rd Floor Weight Room,2/16/23 0:00,21,32,24,24,29,30,41,37,37,28,38,50,48,57,69,69,68,62,,761,Active
Marino Recreation Center,Marino Center - 2nd Floor,2/16/23 0:00,2,12,20,38,39,36,36,36,33,33,,48,61,65,54,44,42,34,,631,Active
Marino Recreation Center,Marino Center - Track,2/17/23 0:00,0,3,2,3,3,3,3,5,3,5,7,7,5,8,4,2,2,7,,70,Active
Marino Recreation Center,Marino Center - Studio A,2/17/23 0:00,1,1,0,5,11,7,6,12,10,14,10,4,7,7,7,4,3,1,,109,Active
Marino Recreation Center,Marino Center - Studio B,2/17/23 0:00,,2,1,3,5,4,3,5,8,11,8,9,2,5,6,2,2,2,,74,Active
Marino Recreation Center,Marino Center - Gymnasium,2/17/23 0:00,1,29,2,5,7,8,9,10,15,18,29,33,35,40,53,40,39,59,,433,Active
Marino Recreation Center,Marino Center - 3rd Floor Select & Cardio,2/17/23 0:00,0,14,18,18,19,21,25,31,26,28,30,68,67,69,70,67,34,31,,633,Active
Marino Recreation Center,Marino Center - 3rd Floor Weight Room,2/17/23 0:00,4,19,25,27,32,32,35,44,40,42,41,73,75,64,68,66,45,48,,777,Active
Marino Recreation Center,Marino Center - 2nd Floor,2/17/23 0:00,4,15,18,33,23,32,33,45,52,46,49,31,29,33,41,25,22,22,,551,Active
Marino Recreation Center,Marino Center - Track,2/18/23 0:00,,,,0,4,4,2,2,4,4,6,7,8,6,8,2,7,7,5,73,Active
Marino Recreation Center,Marino Center - Studio A,2/18/23 0:00,,,,1,6,11,16,6,11,5,4,2,2,4,5,2,,3,,77,Active
Marino Recreation Center,Marino Center - Studio B,2/18/23 0:00,,,,0,3,4,4,3,4,4,6,5,5,4,2,1,,2,,48,Active
Marino Recreation Center,Marino Center - Gymnasium,2/18/23 0:00,,,,14,26,34,32,30,17,19,29,29,28,29,35,27,,25,27,401,Active
Marino Recreation Center,Marino Center - 3rd Floor Select & Cardio,2/18/23 0:00,,,,12,34,35,34,34,35,35,37,38,39,36,28,22,19,18,18,471,Active
Marino Recreation Center,Marino Center - 3rd Floor Weight Room,2/18/23 0:00,,,,26,32,39,40,39,41,40,42,43,44,41,29,28,37,32,27,578,Active
Marino Recreation Center,Marino Center - 2nd Floor,2/18/23 0:00,,,,20,24,34,28,25,28,39,38,32,31,28,23,18,,24,,390,Active
Marino Recreation Center,Marino Center - Track,2/19/23 0:00,,,0,0,1,3,4,5,3,4,4,1,1,1,2,6,7,6,0,46,Active
Marino Recreation Center,Marino Center - Studio A,2/19/23 0:00,,,,0,2,11,5,4,4,,7,3,4,14,5,,4,4,8,72,Active
Marino Recreation Center,Marino Center - Studio B,2/19/23 0:00,,,,0,,4,4,3,29,4,4,4,10,15,5,,3,8,2,93,Active
Marino Recreation Center,Marino Center - Gymnasium,2/19/23 0:00,,,,0,5,16,19,21,50,46,49,56,33,24,18,,26,52,30,444,Active
Marino Recreation Center,Marino Center - 3rd Floor Select & Cardio,2/19/23 0:00,,,0,1,14,29,28,28,25,20,21,19,20,19,22,29,36,32,9,352,Active
Marino Recreation Center,Marino Center - 3rd Floor Weight Room,2/19/23 0:00,,,0,16,19,31,31,28,32,40,48,27,32,26,29,34,37,41,14,483,Active
Marino Recreation Center,Marino Center - 2nd Floor,2/19/23 0:00,,,,11,16,22,27,20,14,19,22,43,37,38,26,,31,37,29,391,Active
Marino Recreation Center,Marino Center - Track,2/20/23 0:00,0,0,0,3,4,6,5,5,5,2,6,3,5,6,3,5,5,,5,68,Active
Marino Recreation Center,Marino Center - Studio A,2/20/23 0:00,0,2,4,4,4,6,6,5,5,4,13,18,18,20,6,5,3,8,4,132,Active
Marino Recreation Center,Marino Center - Studio B,2/20/23 0:00,1,1,1,4,4,8,6,5,7,2,6,7,8,11,12,11,9,6,3,110,Active
Marino Recreation Center,Marino Center - Gymnasium,2/20/23 0:00,0,0,1,9,10,12,12,12,15,13,19,21,22,24,38,41,41,55,54,397,Active
Marino Recreation Center,Marino Center - 3rd Floor Select & Cardio,2/20/23 0:00,7,6,11,21,38,38,38,38,37,31,30,50,53,59,52,43,27,,22,601,Active
Marino Recreation Center,Marino Center - 3rd Floor Weight Room,2/20/23 0:00,13,19,14,23,36,43,47,47,52,53,49,40,50,56,49,49,46,,43,729,Active
Marino Recreation Center,Marino Center - 2nd Floor,2/20/23 0:00,3,6,14,18,17,22,27,33,31,28,31,31,32,34,29,27,25,28,,430,Active
Marino Recreation Center,Marino Center - Track,2/21/23 0:00,0,1,3,8,10,5,7,7,7,6,5,8,6,3,20,13,,11,,117,Active
Marino Recreation Center,Marino Center - Studio A,2/21/23 0:00,0,1,1,2,2,3,6,5,5,7,9,10,10,11,20,17,11,11,,129,Active
Marino Recreation Center,Marino Center - Studio B,2/21/23 0:00,0,2,2,3,1,5,3,4,1,4,4,4,6,8,20,5,8,8,,85,Active
Marino Recreation Center,Marino Center - Gymnasium,2/21/23 0:00,0,19,21,17,12,14,9,16,24,30,34,36,25,34,24,31,41,42,,427,Active
Marino Recreation Center,Marino Center - 3rd Floor Select & Cardio,2/21/23 0:00,10,23,36,38,41,46,52,73,61,31,28,34,44,40,84,71,,54,,762,Active
Marino Recreation Center,Marino Center - 3rd Floor Weight Room,2/21/23 0:00,11,24,26,35,26,37,41,55,58,45,49,55,47,44,73,60,,59,,742,Active
Marino Recreation Center,Marino Center - 2nd Floor,2/21/23 0:00,3,17,27,16,15,17,46,45,40,38,49,57,59,62,73,71,58,56,,746,Active
Marino Recreation Center,Marino Center - Track,2/22/23 0:00,2,4,3,4,3,3,6,5,6,2,2,8,12,11,12,13,10,10,,113,Active
Marino Recreation Center,Marino Center - Studio A,2/22/23 0:00,0,4,3,5,6,6,23,4,6,5,5,7,9,10,11,5,5,11,,120,Active
Marino Recreation Center,Marino Center - Studio B,2/22/23 0:00,0,1,0,4,2,4,6,6,3,7,11,13,14,15,12,23,17,12,,146,Active
Marino Recreation Center,Marino Center - Gymnasium,2/22/23 0:00,0,1,5,5,5,10,13,12,8,18,41,47,48,49,50,66,76,69,,520,Active
Marino Recreation Center,Marino Center - 3rd Floor Select & Cardio,2/22/23 0:00,10,30,48,37,40,39,46,65,55,44,44,28,34,35,59,60,60,44,,775,Active
Marino Recreation Center,Marino Center - 3rd Floor Weight Room,2/22/23 0:00,20,34,36,34,38,36,41,53,44,51,52,46,54,56,59,58,55,44,,807,Active
Marino Recreation Center,Marino Center - 2nd Floor,2/22/23 0:00,0,19,32,35,31,30,35,46,26,27,27,30,32,33,58,58,51,42,,608,Active
Marino Recreation Center,Marino Center - Track,2/23/23 0:00,0,1,3,3,4,5,7,7,5,3,3,8,,14,12,12,10,8,,102,Active
Marino Recreation Center,Marino Center - Studio A,2/23/23 0:00,0,1,3,15,6,7,7,2,5,8,16,7,11,12,14,15,8,8,,142,Active
Marino Recreation Center,Marino Center - Studio B,2/23/23 0:00,0,1,4,6,6,2,2,2,2,3,5,4,8,17,13,14,6,7,,103,Active
Marino Recreation Center,Marino Center - Gymnasium,2/23/23 0:00,2,10,12,9,7,6,8,9,7,10,15,26,45,51,58,60,45,47,,426,Active
Marino Recreation Center,Marino Center - 3rd Floor Select & Cardio,2/23/23 0:00,1,24,32,34,33,29,46,58,58,55,52,56,,75,66,63,60,57,,797,Active
Marino Recreation Center,Marino Center - 3rd Floor Weight Room,2/23/23 0:00,12,22,27,30,28,42,41,46,47,48,44,52,,65,57,48,47,46,,700,Active
Marino Recreation Center,Marino Center - 2nd Floor,2/23/23 0:00,1,10,17,30,28,32,27,25,29,33,44,50,61,62,53,54,44,46,,646,Active
Marino Recreation Center,Marino Center - Track,2/24/23 0:00,0,3,4,2,4,4,6,7,6,7,7,7,9,7,7,6,8,6,6,101,Active
Marino Recreation Center,Marino Center - Studio A,2/24/23 0:00,2,1,4,4,7,6,10,11,11,10,,10,10,15,15,9,7,5,1,134,Active
Marino Recreation Center,Marino Center - Studio B,2/24/23 0:00,0,1,2,3,8,7,5,8,9,10,,13,10,10,7,6,5,3,0,106,Active
Marino Recreation Center,Marino Center - Gymnasium,2/24/23 0:00,8,16,3,5,4,5,9,14,20,30,,50,51,49,46,39,36,37,25,445,Active
Marino Recreation Center,Marino Center - 3rd Floor Select & Cardio,2/24/23 0:00,0,11,10,16,19,23,31,39,39,40,40,51,80,70,56,40,44,38,38,683,Active
Marino Recreation Center,Marino Center - 3rd Floor Weight Room,2/24/23 0:00,0,20,17,22,26,28,38,39,37,38,38,55,78,65,52,26,35,42,42,694,Active
Marino Recreation Center,Marino Center - 2nd Floor,2/24/23 0:00,6,10,17,21,24,26,36,47,45,42,,56,67,72,42,32,35,20,20,615,Active
Marino Recreation Center,Marino Center - Track,2/25/23 0:00,,,,1,3,2,8,3,6,8,7,6,6,,5,10,,4,1,70,Active
Marino Recreation Center,Marino Center - Studio A,2/25/23 0:00,,,,3,7,4,7,11,7,7,6,,5,,4,,2,4,,63,Active
Marino Recreation Center,Marino Center - Studio B,2/25/23 0:00,,,,2,3,5,11,6,8,6,6,,4,,2,,2,3,,55,Active
Marino Recreation Center,Marino Center - Gymnasium,2/25/23 0:00,,,,8,49,48,37,25,29,36,38,,34,,34,30,28,29,,423,Active
Marino Recreation Center,Marino Center - 3rd Floor Select & Cardio,2/25/23 0:00,,,,13,27,37,48,48,46,47,49,45,31,,36,,,28,25,478,Active
Marino Recreation Center,Marino Center - 3rd Floor Weight Room,2/25/23 0:00,,,,22,28,35,39,36,40,42,46,45,46,,53,46,,28,23,529,Active
Marino Recreation Center,Marino Center - 2nd Floor,2/25/23 0:00,,,,18,28,33,35,31,35,34,33,,33,,40,,33,32,,383,Active
Marino Recreation Center,Marino Center - Track,2/26/23 0:00,,,0,3,1,1,3,5,3,2,3,5,2,0,11,13,10,7,5,70,Active
Marino Recreation Center,Marino Center - Studio A,2/26/23 0:00,,,0,,3,,5,10,5,27,27,6,9,9,15,25,14,6,5,163,Active
Marino Recreation Center,Marino Center - Studio B,2/26/23 0:00,,,0,,4,,7,15,27,4,5,6,16,16,25,25,6,6,3,163,Active
Marino Recreation Center,Marino Center - Gymnasium,2/26/23 0:00,,,0,,8,,20,28,37,43,59,85,38,29,37,34,31,27,29,504,Active
Marino Recreation Center,Marino Center - 3rd Floor Select & Cardio,2/26/23 0:00,,,0,5,10,7,18,18,36,35,41,44,40,32,60,55,56,48,28,533,Active
Marino Recreation Center,Marino Center - 3rd Floor Weight Room,2/26/23 0:00,,,0,13,15,19,25,28,36,39,41,45,35,29,38,46,47,42,28,523,Active
Marino Recreation Center,Marino Center - 2nd Floor,2/26/23 0:00,,,0,,24,,26,28,24,22,27,44,54,41,31,34,31,38,27,450,Active
Marino Recreation Center,Marino Center - Track,2/27/23 0:00,0,1,7,7,8,4,6,6,7,7,10,11,10,10,9,,8,,,109,Active
Marino Recreation Center,Marino Center - Studio A,2/27/23 0:00,2,1,5,3,3,4,4,6,4,8,7,7,11,7,10,11,17,22,,129,Active
Marino Recreation Center,Marino Center - Studio B,2/27/23 0:00,1,1,4,5,5,6,7,6,1,2,4,4,7,11,11,12,10,9,,104,Active
Marino Recreation Center,Marino Center - Gymnasium,2/27/23 0:00,0,13,16,8,10,7,18,20,12,11,20,28,36,42,50,45,44,44,,421,Active
Marino Recreation Center,Marino Center - 3rd Floor Select & Cardio,2/27/23 0:00,6,22,26,37,32,45,45,51,44,46,34,43,67,81,70,,70,,,718,Active
Marino Recreation Center,Marino Center - 3rd Floor Weight Room,2/27/23 0:00,12,30,41,35,42,47,40,43,41,42,46,60,73,74,78,,78,,,779,Active
Marino Recreation Center,Marino Center - 2nd Floor,2/27/23 0:00,4,13,35,33,24,31,35,39,35,31,47,47,46,45,58,59,46,40,,665,Active
Marino Recreation Center,Marino Center - Track,2/28/23 0:00,1,2,4,7,6,5,6,6,5,6,4,7,7,18,14,16,16,7,5,140,Active
Marino Recreation Center,Marino Center - Studio A,2/28/23 0:00,0,1,4,4,4,4,1,4,4,4,3,5,7,7,7,9,9,7,2,83,Active
Marino Recreation Center,Marino Center - Studio B,2/28/23 0:00,0,1,2,2,5,3,1,4,4,4,5,7,9,9,9,6,6,6,2,84,Active
Marino Recreation Center,Marino Center - Gymnasium,2/28/23 0:00,0,21,21,10,10,4,11,24,15,35,35,40,46,42,36,39,49,46,39,520,Active
Marino Recreation Center,Marino Center - 3rd Floor Select & Cardio,2/28/23 0:00,4,23,23,26,28,29,39,48,43,43,43,42,30,27,49,50,53,43,35,677,Active
Marino Recreation Center,Marino Center - 3rd Floor Weight Room,2/28/23 0:00,35,32,21,23,25,26,28,38,38,41,41,42,42,35,47,69,64,54,47,745,Active
Marino Recreation Center,Marino Center - 2nd Floor,2/28/23 0:00,0,16,45,29,35,31,29,40,34,35,36,40,43,42,42,45,46,36,27,648,Active
Marino Recreation Center,Marino Center - Track,3/1/23 0:00,0,2,5,5,4,4,8,7,6,3,2,6,9,9,9,12,12,10,,110,Active
Marino Recreation Center,Marino Center - Studio A,3/1/23 0:00,2,3,2,5,6,5,4,6,7,10,4,6,8,8,10,11,15,11,,119,Active
Marino Recreation Center,Marino Center - Studio B,3/1/23 0:00,2,2,2,6,4,4,3,4,5,9,11,11,12,12,13,13,20,11,,142,Active
Marino Recreation Center,Marino Center - Gymnasium,3/1/23 0:00,0,4,8,7,9,6,6,13,18,21,24,35,36,36,46,59,54,52,,431,Active
Marino Recreation Center,Marino Center - 3rd Floor Select & Cardio,3/1/23 0:00,3,8,15,21,24,24,48,58,55,56,59,47,35,36,61,54,61,57,,718,Active
Marino Recreation Center,Marino Center - 3rd Floor Weight Room,3/1/23 0:00,9,28,21,27,28,28,43,49,46,60,65,58,59,64,54,58,60,59,,812,Active
Marino Recreation Center,Marino Center - 2nd Floor,3/1/23 0:00,10,16,22,36,36,34,35,35,30,33,29,33,34,34,63,54,57,55,,643,Active
Marino Recreation Center,Marino Center - Track,3/2/23 0:00,0,2,3,3,3,2,5,,5,7,6,3,8,6,12,9,8,8,7,95,Active
Marino Recreation Center,Marino Center - Studio A,3/2/23 0:00,0,1,2,8,5,6,8,4,4,7,7,7,14,19,8,10,3,10,,122,Active
Marino Recreation Center,Marino Center - Studio B,3/2/23 0:00,0,2,3,6,4,3,1,4,4,7,4,8,9,19,5,3,2,12,,95,Active
Marino Recreation Center,Marino Center - Gymnasium,3/2/23 0:00,0,19,6,3,4,7,9,18,18,22,17,33,45,52,51,56,37,29,,425,Active
Marino Recreation Center,Marino Center - 3rd Floor Select & Cardio,3/2/23 0:00,4,18,37,22,27,30,42,46,43,47,51,50,53,48,84,71,68,67,67,872,Active
Marino Recreation Center,Marino Center - 3rd Floor Weight Room,3/2/23 0:00,9,29,28,25,33,29,39,41,38,44,48,41,40,51,70,53,55,65,66,803,Active
Marino Recreation Center,Marino Center - 2nd Floor,3/2/23 0:00,0,16,16,23,32,39,43,47,41,44,47,44,67,68,63,68,33,34,,723,Active
Marino Recreation Center,Marino Center - Track,3/3/23 0:00,2,2,4,4,4,4,3,3,2,4,4,6,8,9,3,2,1,3,,66,Active
Marino Recreation Center,Marino Center - Studio A,3/3/23 0:00,0,1,4,3,11,7,4,8,6,6,6,4,4,3,9,5,,4,4,87,Active
Marino Recreation Center,Marino Center - Studio B,3/3/23 0:00,1,1,2,4,8,5,2,7,4,4,4,5,5,6,6,4,,2,2,69,Active
Marino Recreation Center,Marino Center - Gymnasium,3/3/23 0:00,11,16,9,9,8,6,14,15,23,31,32,35,31,37,53,40,,22,24,412,Active
Marino Recreation Center,Marino Center - 3rd Floor Select & Cardio,3/3/23 0:00,4,15,22,20,24,26,28,31,34,36,36,41,40,45,49,49,34,36,,569,Active
Marino Recreation Center,Marino Center - 3rd Floor Weight Room,3/3/23 0:00,6,18,26,19,23,28,36,47,54,56,56,58,58,60,60,60,29,31,,722,Active
Marino Recreation Center,Marino Center - 2nd Floor,3/3/23 0:00,6,20,33,28,22,19,39,41,34,28,30,32,31,34,51,32,,20,18,514,Active
Marino Recreation Center,Marino Center - Track,3/4/23 0:00,,,,1,2,4,,5,5,5,5,4,4,5,6,6,,,,49,Active
Marino Recreation Center,Marino Center - Studio A,3/4/23 0:00,,,,1,3,3,10,4,12,13,10,16,18,12,2,2,,,,104,Active
Marino Recreation Center,Marino Center - Studio B,3/4/23 0:00,,,,1,3,4,8,5,5,8,7,7,9,9,3,3,,,,70,Active
Marino Recreation Center,Marino Center - Gymnasium,3/4/23 0:00,,,,9,30,39,37,34,26,21,19,19,21,21,16,16,,,,307,Active
Marino Recreation Center,Marino Center - 3rd Floor Select & Cardio,3/4/23 0:00,,,,11,23,25,,27,32,38,32,34,34,35,45,45,,,,379,Active
Marino Recreation Center,Marino Center - 3rd Floor Weight Room,3/4/23 0:00,,,,19,24,23,,30,35,35,41,43,43,44,42,42,,,,420,Active
Marino Recreation Center,Marino Center - 2nd Floor,3/4/23 0:00,,,,14,21,27,25,22,25,26,29,30,32,34,31,31,,,,345,Active
Marino Recreation Center,Marino Center - Track,3/5/23 0:00,,,,1,1,3,4,5,5,5,5,2,2,6,,3,,,,41,Active
Marino Recreation Center,Marino Center - Studio A,3/5/23 0:00,,,,0,1,2,4,15,4,2,3,1,2,2,,1,,,,37,Active
Marino Recreation Center,Marino Center - Studio B,3/5/23 0:00,,,,2,1,2,5,11,3,4,3,2,3,4,,3,,,,42,Active
Marino Recreation Center,Marino Center - Gymnasium,3/5/23 0:00,,,,1,1,3,5,12,35,40,45,36,40,38,,,,,,255,Active
Marino Recreation Center,Marino Center - 3rd Floor Select & Cardio,3/5/23 0:00,,,,6,14,19,23,25,25,25,25,40,40,58,,57,,,,355,Active
Marino Recreation Center,Marino Center - 3rd Floor Weight Room,3/5/23 0:00,,,,12,19,23,28,28,28,28,28,53,54,71,,69,,,,440,Active
Marino Recreation Center,Marino Center - 2nd Floor,3/5/23 0:00,,,,4,10,12,15,18,34,42,26,28,29,38,,,,,,255,Active
Marino Recreation Center,Marino Center - Track,3/6/23 0:00,1,0,0,0,C,C,C,C,C,C,C,C,C,C,C,C,C,C,C,1,Active
Marino Recreation Center,Marino Center - Studio A,3/6/23 0:00,0,0,0,0,2,2,2,8,9,3,4,5,7,8,10,12,16,,,87,Active
Marino Recreation Center,Marino Center - Studio B,3/6/23 0:00,0,0,0,2,0,0,1,4,4,2,2,3,5,6,9,11,11,,,58,Active
Marino Recreation Center,Marino Center - Gymnasium,3/6/23 0:00,0,0,0,1,0,0,C,C,1,C,C,C,C,C,C,C,C,C,C,2,Active
Marino Recreation Center,Marino Center - 3rd Floor Select & Cardio,3/6/23 0:00,3,10,16,19,14,18,23,22,20,36,41,54,63,86,80,63,34,,,600,Active
Marino Recreation Center,Marino Center - 3rd Floor Weight Room,3/6/23 0:00,16,20,26,19,15,17,20,21,21,37,41,41,66,84,92,100,63,,,696,Active
Marino Recreation Center,Marino Center - 2nd Floor,3/6/23 0:00,2,5,5,9,9,9,13,22,25,24,24,27,29,30,39,42,46,,,357,Active
Marino Recreation Center,Marino Center - Studio A,3/7/23 0:00,0,0,3,4,4,4,,1,2,6,5,4,6,11,,21,,,,68,Active
Marino Recreation Center,Marino Center - Studio B,3/7/23 0:00,0,1,2,2,1,2,,1,2,4,1,2,4,8,15,15,,,,58,Active
Marino Recreation Center,Marino Center - Gymnasium,3/7/23 0:00,0,1,3,0,2,5,,20,18,19,24,23,41,37,31,28,,,,249,Active
Marino Recreation Center,Marino Center - 3rd Floor Select & Cardio,3/7/23 0:00,1,13,10,15,21,27,32,22,18,21,30,33,38,47,71,64,,,,462,Active
Marino Recreation Center,Marino Center - 3rd Floor Weight Room,3/7/23 0:00,7,19,20,18,21,25,23,20,21,19,27,32,39,50,86,80,,,,505,Active
Marino Recreation Center,Marino Center - 2nd Floor,3/7/23 0:00,6,9,15,19,17,20,,20,18,20,22,28,37,67,63,57,,,,414,Active
Marino Recreation Center,Marino Center - Track,3/8/23 0:00,0,0,0,,,,0,C,C,1,0,3,4,5,9,6,8,,,35,Active
Marino Recreation Center,Marino Center - Studio A,3/8/23 0:00,0,1,2,0,1,2,2,3,3,2,3,5,5,3,7,9,,,,46,Active
Marino Recreation Center,Marino Center - Studio B,3/8/23 0:00,0,1,0,5,4,3,1,2,0,2,5,8,4,3,6,5,,,,47,Active
Marino Recreation Center,Marino Center - Gymnasium,3/8/23 0:00,0,1,3,2,0,3,6,7,6,9,15,20,37,42,18,17,,,,186,Active
Marino Recreation Center,Marino Center - 3rd Floor Select & Cardio,3/8/23 0:00,0,12,12,8,15,15,14,20,24,21,18,18,19,20,50,55,49,,,367,Active
Marino Recreation Center,Marino Center - 3rd Floor Weight Room,3/8/23 0:00,0,23,21,9,24,26,26,28,29,25,23,24,25,26,62,63,54,,,487,Active
Marino Recreation Center,Marino Center - 2nd Floor,3/8/23 0:00,0,9,10,10,13,17,18,24,19,17,21,17,39,48,35,35,,,,331,Active
Marino Recreation Center,Marino Center - Track,3/9/23 0:00,0,0,C,C,1,2,4,4,3,1,2,6,5,7,4,3,4,3,,47,Active
Marino Recreation Center,Marino Center - Studio A,3/9/23 0:00,1,0,2,1,2,3,5,2,3,4,5,2,5,10,6,6,5,4,,64,Active
Marino Recreation Center,Marino Center - Studio B,3/9/23 0:00,1,2,2,1,2,3,3,1,2,3,4,1,2,2,9,7,6,4,,53,Active
Marino Recreation Center,Marino Center - Gymnasium,3/9/23 0:00,1,2,1,0,6,3,4,7,10,13,15,38,23,24,21,21,22,20,,229,Active
Marino Recreation Center,Marino Center - 3rd Floor Select & Cardio,3/9/23 0:00,0,3,8,13,14,19,23,23,21,17,23,18,25,26,31,39,48,47,,396,Active
Marino Recreation Center,Marino Center - 3rd Floor Weight Room,3/9/23 0:00,0,8,10,16,21,20,28,28,26,21,21,24,35,36,56,59,62,64,,532,Active
Marino Recreation Center,Marino Center - 2nd Floor,3/9/23 0:00,2,6,11,12,13,18,31,23,20,19,20,29,42,69,66,57,52,54,,542,Active
Marino Recreation Center,Marino Center - Track,3/10/23 0:00,,1,0,1,1,1,3,0,1,2,3,4,4,6,7,9,,,,41,Active
Marino Recreation Center,Marino Center - Studio A,3/10/23 0:00,0,1,0,3,3,3,2,3,4,5,7,3,5,6,5,6,,,,54,Active
Marino Recreation Center,Marino Center - Studio B,3/10/23 0:00,0,2,0,3,2,1,2,3,3,2,3,4,5,4,9,10,,,,50,Active
Marino Recreation Center,Marino Center - Gymnasium,3/10/23 0:00,0,1,0,0,1,5,6,7,21,21,23,21,20,28,34,35,,,,221,Active
Marino Recreation Center,Marino Center - 3rd Floor Select & Cardio,3/10/23 0:00,,5,12,12,14,14,28,30,28,29,30,37,51,60,62,64,,,,473,Active
Marino Recreation Center,Marino Center - 3rd Floor Weight Room,3/10/23 0:00,,10,16,16,15,18,26,29,31,32,33,35,45,72,73,78,,,,528,Active
Marino Recreation Center,Marino Center - 2nd Floor,3/10/23 0:00,3,9,11,13,19,24,21,26,28,20,23,24,30,33,32,33,,,,346,Active
Marino Recreation Center,Marino Center - Track,3/11/23 0:00,,,,3,2,3,4,5,6,8,10,8,10,11,6,,,,,74,Active
Marino Recreation Center,Marino Center - Studio A,3/11/23 0:00,,,,2,4,,7,9,9,9,9,8,5,6,,,,,,68,Active
Marino Recreation Center,Marino Center - Studio B,3/11/23 0:00,,,,1,2,,4,6,5,5,5,5,2,3,,,,,,39,Active
Marino Recreation Center,Marino Center - Gymnasium,3/11/23 0:00,,,,13,24,,25,26,26,26,26,28,32,32,,,,,,259,Active
Marino Recreation Center,Marino Center - 3rd Floor Select & Cardio,3/11/23 0:00,,,,11,19,22,25,29,33,35,37,39,41,,49,,,,,337,Active
Marino Recreation Center,Marino Center - 3rd Floor Weight Room,3/11/23 0:00,,,,18,22,28,31,35,39,41,43,44,46,47,39,,,,,432,Active
Marino Recreation Center,Marino Center - 2nd Floor,3/11/23 0:00,,,,19,24,,28,29,26,27,27,31,38,41,,,,,,291,Active
Marino Recreation Center,Marino Center - Track,3/12/23 0:00,,,,1,1,1,3,5,6,8,7,5,7,4,5,5,4,4,,63,Active
Marino Recreation Center,Marino Center - Studio A,3/12/23 0:00,,,,1,2,3,3,3,4,4,5,7,7,4,9,6,6,3,4,68,Active
Marino Recreation Center,Marino Center - Studio B,3/12/23 0:00,,,,1,2,5,4,5,5,5,7,4,4,2,21,8,5,2,2,80,Active
Marino Recreation Center,Marino Center - Gymnasium,3/12/23 0:00,,,,2,4,5,5,16,30,33,27,61,60,51,46,47,23,10,12,430,Active
Marino Recreation Center,Marino Center - 3rd Floor Select & Cardio,3/12/23 0:00,,,,2,11,8,15,24,25,27,27,28,35,24,33,38,28,23,,346,Active
Marino Recreation Center,Marino Center - 3rd Floor Weight Room,3/12/23 0:00,,,,6,11,10,18,31,32,34,34,46,40,39,46,36,30,29,,439,Active
Marino Recreation Center,Marino Center - 2nd Floor,3/12/23 0:00,,,,8,12,13,23,25,25,27,28,39,23,42,39,27,30,18,21,399,Active
Marino Recreation Center,Marino Center - Track,3/13/23 0:00,3,2,2,3,5,4,4,6,4,6,9,7,9,10,8,4,5,7,,97,Active
Marino Recreation Center,Marino Center - Studio A,3/13/23 0:00,1,2,2,1,2,5,5,8,5,5,6,7,9,11,15,7,19,10,6,125,Active
Marino Recreation Center,Marino Center - Studio B,3/13/23 0:00,0,1,2,2,3,4,4,7,3,3,1,2,10,12,15,15,15,8,5,111,Active
Marino Recreation Center,Marino Center - Gymnasium,3/13/23 0:00,0,1,3,2,3,5,5,17,12,7,8,7,30,32,45,45,43,67,65,394,Active
Marino Recreation Center,Marino Center - 3rd Floor Select & Cardio,3/13/23 0:00,,15,29,33,31,27,27,30,31,46,52,76,78,79,75,67,61,54,,810,Active
Marino Recreation Center,Marino Center - 3rd Floor Weight Room,3/13/23 0:00,,34,40,35,30,43,43,51,51,55,55,73,82,82,82,82,74,46,,956,Active
Marino Recreation Center,Marino Center - 2nd Floor,3/13/23 0:00,5,10,23,32,30,21,21,33,31,33,51,55,58,63,63,61,60,60,27,735,Active
Marino Recreation Center,Marino Center - Track,3/14/23 0:00,0,2,3,2,3,5,3,3,3,6,13,9,6,4,5,5,5,5,,78,Active
Marino Recreation Center,Marino Center - Studio A,3/14/23 0:00,1,1,1,2,5,1,2,3,8,7,8,8,7,12,14,11,9,11,,110,Active
Marino Recreation Center,Marino Center - Studio B,3/14/23 0:00,1,2,0,0,3,1,3,4,6,4,4,8,8,10,11,7,8,7,,85,Active
Marino Recreation Center,Marino Center - Gymnasium,3/14/23 0:00,1,1,1,0,0,0,8,13,15,29,41,43,47,50,50,49,49,47,,442,Active
Marino Recreation Center,Marino Center - 3rd Floor Select & Cardio,3/14/23 0:00,9,20,30,21,22,32,42,41,43,47,59,61,67,67,70,67,67,45,,808,Active
Marino Recreation Center,Marino Center - 3rd Floor Weight Room,3/14/23 0:00,13,22,25,21,20,32,39,38,38,49,50,56,63,64,67,66,68,50,,778,Active
Marino Recreation Center,Marino Center - 2nd Floor,3/14/23 0:00,3,8,13,12,18,16,44,71,30,47,51,57,51,58,60,55,51,46,,690,Active
Marino Recreation Center,Marino Center - Track,3/15/23 0:00,,1,3,5,6,5,4,5,5,4,3,6,10,10,13,8,11,9,,105,Active
Marino Recreation Center,Marino Center - Studio A,3/15/23 0:00,1,2,4,5,4,7,5,6,6,9,9,10,10,11,14,11,7,5,,121,Active
Marino Recreation Center,Marino Center - Studio B,3/15/23 0:00,0,0,2,3,2,5,2,4,3,5,11,9,9,10,10,18,22,19,,131,Active
Marino Recreation Center,Marino Center - Gymnasium,3/15/23 0:00,1,11,9,2,6,3,8,11,14,19,45,51,51,52,68,65,64,60,,537,Active
Marino Recreation Center,Marino Center - 3rd Floor Select & Cardio,3/15/23 0:00,,12,25,25,27,32,50,53,53,57,58,43,40,43,59,64,58,56,,753,Active
Marino Recreation Center,Marino Center - 3rd Floor Weight Room,3/15/23 0:00,,24,25,30,39,44,46,49,48,53,62,61,65,65,53,54,46,44,,805,Active
Marino Recreation Center,Marino Center - 2nd Floor,3/15/23 0:00,1,13,25,36,46,33,42,44,45,48,47,45,45,46,69,63,60,57,,761,Active